title;heading;content;tokens
TruHeight Growth Capsules;Vitamins;"Product Title:""TruHeight Growth Capsules"". Product Price: ""Starting from $39.95"". Product Description: ""A proprietary formula of protein, amino acids, vitamins, and minerals that work together to help you grow and gain. What it does To Help You Grow Taller Supports natural height growth Stimulates bone strength, growth and development Helps reduce symptoms of stress How it works To Increase Height Calcium & vitamin D work together to increase bone density – calcium helps build and maintain bones, while vitamin D helps the body effectively absorb calcium. Blend of natural herbs assist the pituitary gland in secreting natural hormones. Ashwagandha is medicinal herb that helps manage the stress hormone cortisol and reduces symptoms of stress. A leading cause of stunted growth is due to stress which is why improving resistance to stress is so important for height enhancement. Typical results in 3-6 months How to take Our Height Growth Supplement Two capsules per day anytime of day with a meal. Who Can Take These Capsules To Get Tall People between the ages of 5+ who want an efficient height pill to grow taller! What's Inside Our Height Growth Pills Calcium, Vitamin K, Vitamin D, Ashwagandha.""";200
TruHeight Growth Gummies;Vitamins & Supplements;"Product Title:""TruHeight Growth Gummies"". Product Price: ""Starting from $39.95"". Product Description: ""A proprietary formula of protein, amino acids, vitamins, and minerals that work together to help you grow and gain. What it does To Help You Grow Taller Supports natural height growth Stimulates bone growth and development Helps reduce symptoms of stress How it works To Increase Height Calcium & vitamin D work together to increase bone density – calcium helps build and maintain bones, while vitamin D helps the body effectively absorb calcium. Blend of natural herbs assist the pituitary gland in secreting natural hormones. Ashwagandha is medicinal herb that helps manage the stress hormone cortisol and reduces symptoms of stress. A leading cause of stunted growth is due to stress which is why improving resistance to stress is so important for growth. Typical results in 3-6 months How to take Our Height Growth Supplement Take 2 gummies with the last meal of the day. Chew thoroughly before swallowing. Who Can Take These Capsules To Get Tall People between the ages of 5+ who want to grow taller! What's Inside Our Height Growth Pills Calcium, Vitamin K, Vitamin D, Ashwagandha.""";200
"TruHeight Growth Capsules | 1 Bottle";Vitamins;"Product Title:""TruHeight Growth Capsules | 1 Bottle"". Product Price: ""$39.95"". Product Description: ""A proprietary formula of protein, amino acids, vitamins, and minerals that work together to help you grow and gain. What it does To Help You Grow Taller Supports natural height growth Stimulates bone strength, growth and development Helps reduce symptoms of stress How it works To Increase Height Calcium & vitamin D work together to increase bone density – calcium helps build and maintain bones, while vitamin D helps the body effectively absorb calcium. Blend of natural herbs assist the pituitary gland in secreting natural hormones. Ashwagandha is medicinal herb that helps manage the stress hormone cortisol and reduces symptoms of stress. A leading cause of stunted growth is due to stress which is why improving resistance to stress is so important for height enhancement. Typical results in 3-6 months How to take Our Height Growth Supplement Two capsules per day anytime of day with a meal. Who Can Take These Capsules To Get Tall People between the ages of 5+ who want an efficient height pill to grow taller! What's Inside Our Height Growth Pills Calcium, Vitamin K, Vitamin D, Ashwagandha.""";200
"TruHeight Growth Capsules | 3 Bottles";Vitamins;"Product Title:""TruHeight Growth Capsules | 3 Bottles"". Product Price: ""$101.88"". Product Description: ""A proprietary formula of protein, amino acids, vitamins, and minerals that work together to help you grow and gain. What it does To Help You Grow Taller Supports natural height growth Stimulates bone strength, growth and development Helps reduce symptoms of stress How it works To Increase Height Calcium & vitamin D work together to increase bone density – calcium helps build and maintain bones, while vitamin D helps the body effectively absorb calcium. Blend of natural herbs assist the pituitary gland in secreting natural hormones. Ashwagandha is medicinal herb that helps manage the stress hormone cortisol and reduces symptoms of stress. A leading cause of stunted growth is due to stress which is why improving resistance to stress is so important for height enhancement. Typical results in 3-6 months How to take Our Height Growth Supplement Two capsules per day anytime of day with a meal. Who Can Take These Capsules To Get Tall People between the ages of 5+ who want an efficient height pill to grow taller! What's Inside Our Height Growth Pills Calcium, Vitamin K, Vitamin D, Ashwagandha.""";200
"TruHeight Growth Capsules | 6 Bottles";Vitamins;"Product Title:""TruHeight Growth Capsules | 6 Bottles"". Product Price: ""$191.76"". Product Description: ""A proprietary formula of protein, amino acids, vitamins, and minerals that work together to help you grow and gain. What it does To Help You Grow Taller Supports natural height growth Stimulates bone strength, growth and development Helps reduce symptoms of stress How it works To Increase Height Calcium & vitamin D work together to increase bone density – calcium helps build and maintain bones, while vitamin D helps the body effectively absorb calcium. Blend of natural herbs assist the pituitary gland in secreting natural hormones. Ashwagandha is medicinal herb that helps manage the stress hormone cortisol and reduces symptoms of stress. A leading cause of stunted growth is due to stress which is why improving resistance to stress is so important for height enhancement. Typical results in 3-6 months How to take Our Height Growth Supplement Two capsules per day anytime of day with a meal. Who Can Take These Capsules To Get Tall People between the ages of 5+ who want an efficient height pill to grow taller! What's Inside Our Height Growth Pills Calcium, Vitamin K, Vitamin D, Ashwagandha.""";200
"TruHeight Growth Gummy | 1 Bottle";Vitamins & Supplements;"Product Title:""TruHeight Growth Gummy | 1 Bottle"". Product Price: ""$39.95"". Product Description: ""A proprietary formula of protein, amino acids, vitamins, and minerals that work together to help you grow and gain. What it does To Help You Grow Taller Supports natural height growth Stimulates bone growth and development Helps reduce symptoms of stress How it works To Increase Height Calcium & vitamin D work together to increase bone density – calcium helps build and maintain bones, while vitamin D helps the body effectively absorb calcium. Blend of natural herbs assist the pituitary gland in secreting natural hormones. Ashwagandha is medicinal herb that helps manage the stress hormone cortisol and reduces symptoms of stress. A leading cause of stunted growth is due to stress which is why improving resistance to stress is so important for growth. Typical results in 3-6 months How to take Our Height Growth Supplement Take 2 gummies with the last meal of the day. Chew thoroughly before swallowing. Who Can Take These Capsules To Get Tall People between the ages of 5+ who want to grow taller! What's Inside Our Height Growth Pills Calcium, Vitamin K, Vitamin D, Ashwagandha.""";200
"TruHeight Growth Gummy | 3 Bottles";Vitamins & Supplements;"Product Title:""TruHeight Growth Gummy | 3 Bottles"". Product Price: ""$101.88"". Product Description: ""A proprietary formula of protein, amino acids, vitamins, and minerals that work together to help you grow and gain. What it does To Help You Grow Taller Supports natural height growth Stimulates bone growth and development Helps reduce symptoms of stress How it works To Increase Height Calcium & vitamin D work together to increase bone density – calcium helps build and maintain bones, while vitamin D helps the body effectively absorb calcium. Blend of natural herbs assist the pituitary gland in secreting natural hormones. Ashwagandha is medicinal herb that helps manage the stress hormone cortisol and reduces symptoms of stress. A leading cause of stunted growth is due to stress which is why improving resistance to stress is so important for growth. Typical results in 3-6 months How to take Our Height Growth Supplement Take 2 gummies with the last meal of the day. Chew thoroughly before swallowing. Who Can Take These Capsules To Get Tall People between the ages of 5+ who want to grow taller! What's Inside Our Height Growth Pills Calcium, Vitamin K, Vitamin D, Ashwagandha.""";200
"TruHeight Growth Gummy | 6 Bottles";Vitamins & Supplements;"Product Title:""TruHeight Growth Gummy | 6 Bottles"". Product Price: ""$191.76"". Product Description: ""A proprietary formula of protein, amino acids, vitamins, and minerals that work together to help you grow and gain. What it does To Help You Grow Taller Supports natural height growth Stimulates bone growth and development Helps reduce symptoms of stress How it works To Increase Height Calcium & vitamin D work together to increase bone density – calcium helps build and maintain bones, while vitamin D helps the body effectively absorb calcium. Blend of natural herbs assist the pituitary gland in secreting natural hormones. Ashwagandha is medicinal herb that helps manage the stress hormone cortisol and reduces symptoms of stress. A leading cause of stunted growth is due to stress which is why improving resistance to stress is so important for growth. Typical results in 3-6 months How to take Our Height Growth Supplement Take 2 gummies with the last meal of the day. Chew thoroughly before swallowing. Who Can Take These Capsules To Get Tall People between the ages of 5+ who want to grow taller! What's Inside Our Height Growth Pills Calcium, Vitamin K, Vitamin D, Ashwagandha.""";200
TruHeight Sleep;Vitamins & Supplements;"Product Title:""TruHeight Sleep"". Product Price: ""Starting from $29.95"". Product Description: ""A proprietary formula of protein, amino acids, vitamins, and minerals that work together to help you grow and gain. Why Sleep is Crucial for Growth Height Growth is an intricate process that requires several hormones to stimulate various biological events in the bones, organs, muscles, and blood. A protein hormone is a key player in these events. Growth hormone is released throughout the day, but the most important factor for release is deep sleep. What it does To Help You Grow Taller Promotes optimal sleep Helps reduce the time it takes to fall asleep Unlock natural growth hormone with deep sleep How it works To Increase Height Lack of sleep and stress can cause stunted growth. Melatonin, L-Theanine and Lemon Balm help manage the stress hormone cortisol and the body’s response to stress with continued use. Ashwagandha also helps improve sleep quality How to take Our Height Growth Supplement Take 2 gummies before bed. Chew thoroughly before swallowing. WHO CAN TAKE People between the ages of 5+ What's Inside Our Height Growth Pills Melatonin, L-Theanine, Lemon Balm View Full Ingredients and Nutrition Facts""";200
TruHeight Growth Protein Shake;No type present;"Product Title:""TruHeight Growth Protein Shake"". Product Price: ""Starting from $49.95"". Product Description: ""Fills nutritional gaps in weight deficiencies and supports natural height growth A proprietary formula of protein, amino acids, vitamins, and minerals that work together to help you grow and gain. What it does To Help You Grow Taller Boosts growth for full height potential. Builds strength and weight. Complete & balanced nutrition. How it works To Increase Height Our delicious Chocolate and Vanilla flavors contain a proprietary blend of clinically proven ingredients. The perfect balance of vitamins and minerals includes 16g of protein, macro and micro nutrients, zinc, potassium, and vitamins A, B, and C with only 2g of sugar in every serving. How to take Our Height Growth Supplement Directions: Add 12-14 ounces of water or milk and ice to a blender (or shaker bottle) Add 2 heaping scoops (47g) of Growth Protein Shake Mix well and enjoy. Most of our customers drink Truheight Growth Protein Shake every day as a convenient and delicious way to support their health and height goals. Many choose to start their day strong with it as a breakfast option, while others prefer to have it for lunch or post-workout to aid with recovery by building strength and weight with its high-quality protein blend. Timing of consumption can be customized to personal needs and goals for optimal nutrition. Who can take These Capsules To Get Tall People between the ages of 5+ who want to grow taller! What's Inside Our Height Growth Pills L-Taurine, Protein, Inositol, Zinc.""";200
"TruHeight Sleep | Frequently bought together";Vitamins & Supplements;"Product Title:""TruHeight Sleep | Frequently bought together"". Product Price: ""Starting from $24.95"". Product Description: ""A proprietary formula of protein, amino acids, vitamins, and minerals that work together to help you grow and gain. Why Sleep is Crucial for Growth Height Growth is an intricate process that requires several hormones to stimulate various biological events in the bones, organs, muscles, and blood. A protein hormone is a key player in these events. Growth hormone is released throughout the day, but the most important factor for release is deep sleep. What it does To Help You Grow Taller Promotes optimal sleep Helps reduce the time it takes to fall asleep Unlock natural growth hormone with deep sleep How it works To Increase Height Lack of sleep and stress can cause stunted growth. Melatonin, L-Theanine and Lemon Balm help manage the stress hormone cortisol and the body’s response to stress with continued use. Ashwagandha also helps improve sleep quality How to take Our Height Growth Supplement Take 2 gummies before bed. Chew thoroughly before swallowing. People between the ages of 5+ What's Inside Our Height Growth Pills Melatonin, L-Theanine, Lemon Balm.""";200
Max Height;No type present;"Product Title:""Max Height"". Product Price: ""Starting from $101.88"". Product Description: ""The all-in-one, Science-backed growth kit to help you grow tall and healthy. What it does To Help You Grow Taller Protein Shake: Complete and balanced daily nutrition. Helps with healthy weight gain and the release of hormones related to growth. Growth Gummies: Contains ingredients proven to support growth plate to elongate and strengthening bones. In addition helps reduce stress which is the leading cause of stunted growth. Sleep Gummies: Hormones released during deep sleep are the most important for growth. Our sleep gummies promote optimal sleep. How it works To Increase Height Protein Shake: Our delicious Chocolate and Vanilla flavors contain a proprietary blend of clinically proven ingredients. The perfect balance of vitamins and minerals includes 16g of protein, macro and micro nutrients, zinc, potassium, and vitamins A, B, and C with only 2g of sugar in every serving. Sleep Gummies: Lack of sleep and stress can cause stunted growth. Melatonin, L-Theanine and Lemon Balm help manage the stress hormone cortisol and the body’s response to stress with continued use They also help improve sleep quality. Growth Gummies: Calcium & vitamin D work together to increase bone density – calcium helps build and maintain bones, while vitamin D helps the body effectively absorb calcium. Blend of natural herbs assists the pituitary gland in secreting natural hormones. Ashwagandha helps manage the stress hormone cortisol and the body’s response to stress with continued use. Typical results in 3-6 months. How to take Our Height Growth Supplement Protein Shake: Take two scoops with 12-16 fl oz. of water and mix it all up! Growth Gummies: Take 2 gummies with the last meal of the day. Chew thoroughly before swallowing. Sleep Gummies: Take 2 gummies before bed. Chew thoroughly before swallowing. Who can take These Capsules To Get Tall People between the ages of 5+ who want to grow taller! What's Inside Calcium, Vitamin K, Vitamin D, Ashwagandha,L-Taurine, Protein, Inositol, Zinc, Melatonin, L-Theatine, Lemon Balm.""";200
"Protein Shake | Frequently bought together";No type present;"Product Title:""Protein Shake | Frequently bought together"". Product Price: ""Starting from $44.95"". Product Description: ""Fills nutritional gaps in weight deficiencies and supports natural height growth A proprietary formula of protein, amino acids, vitamins, and minerals that work together to help you grow and gain. What it does Boosts growth for full height potential. Builds strength and weight. Complete & balanced nutrition. How it works Developed by pediatricians to boost growth and muscle development in kids. Our delicious Chocolate and Vanilla flavors contain a proprietary blend of clinically proven ingredients, the perfect balance of vitamins and minerals include 16g of protein, macro and micro nutrients, zinc, potassium, and vitamins A, B, and C with only 2g of sugar in every serving. How to take Take two scoops with 12-16 fl oz. of water and mix it all up! Who can take Ages 5+.""";200
"Growth Gummies | Frequently bought together";Vitamins & Supplements;"Product Title:""Growth Gummies | Frequently bought together"". Product Price: ""Starting from $34.05"". Product Description: ""A proprietary formula of protein, amino acids, vitamins, and minerals that work together to help you grow and gain. What it does Supports natural height growth Stimulates bone growth and development Helps reduce symptoms of stress and improves sleep quality How it works Ashwagandha is medicinal herb that helps manage the stress hormone cortisol and reduces symptoms of stress. A leading cause of stunted growth is due to stress which is why improving resistance to stress is so important for growth. Calcium & vitamin D work together to increase bone density – calcium helps build and maintain bones, while vitamin D helps the body effectively absorb calcium. Blend of natural herbs assist the pituitary gland in secreting natural hormones. Typical Results 3-6 Months How to take Take 1 gummy with the last meal of the day. Chew thoroughly before swallowing. Who Can Take People between the ages of 5+ who want to grow taller!""";200
Max Height Kit - 1 Pack;No type present;"Product Title:""Max Height Kit - 1 Pack"". Product Price: ""$101.88"". Product Description: ""The all-in-one, Science-backed growth kit to help you grow tall and healthy. What it does To Help You Grow Taller Protein Shake: Complete and balanced daily nutrition. Helps with healthy weight gain and the release of hormones related to growth. Growth Gummies: Contains ingredients proven to support growth plate to elongate and strengthening bones. In addition helps reduce stress which is the leading cause of stunted growth. Sleep Gummies: Hormones released during deep sleep are the most important for growth. Our sleep gummies promote optimal sleep. How it works To Increase Height Protein Shake: Our delicious Chocolate and Vanilla flavors contain a proprietary blend of clinically proven ingredients. The perfect balance of vitamins and minerals includes 16g of protein, macro and micro nutrients, zinc, potassium, and vitamins A, B, and C with only 2g of sugar in every serving. Sleep Gummies: Lack of sleep and stress can cause stunted growth. Melatonin, L-Theanine and Lemon Balm help manage the stress hormone cortisol and the body’s response to stress with continued use They also help improve sleep quality. Growth Gummies: Calcium & vitamin D work together to increase bone density – calcium helps build and maintain bones, while vitamin D helps the body effectively absorb calcium. Blend of natural herbs assists the pituitary gland in secreting natural hormones. Ashwagandha helps manage the stress hormone cortisol and the body’s response to stress with continued use. Typical results in 3-6 months. How to take Our Height Growth Supplement Protein Shake: Take two scoops with 12-16 fl oz. of water and mix it all up! Growth Gummies: Take 2 gummies with the last meal of the day. Chew thoroughly before swallowing. Sleep Gummies: Take 2 gummies before bed. Chew thoroughly before swallowing. Who can take These Capsules To Get Tall People between the ages of 5+ who want to grow taller! What's Inside Calcium, Vitamin K, Vitamin D, Ashwagandha,L-Taurine, Protein, Inositol, Zinc, Melatonin, L-Theatine, Lemon Balm""";200
Max Height Kit - 3 Pack;No type present;"Product Title:""Max Height Kit - 3 Pack"". Product Price: ""$287.64"". Product Description: ""The all-in-one, Science-backed growth kit to help you grow tall and healthy. What it does To Help You Grow Taller Protein Shake: Complete and balanced daily nutrition. Helps with healthy weight gain and the release of hormones related to growth. Growth Gummies: Contains ingredients proven to support growth plate to elongate and strengthening bones. In addition helps reduce stress which is the leading cause of stunted growth. Sleep Gummies: Hormones released during deep sleep are the most important for growth. Our sleep gummies promote optimal sleep. How it works To Increase Height Protein Shake: Our delicious Chocolate and Vanilla flavors contain a proprietary blend of clinically proven ingredients. The perfect balance of vitamins and minerals includes 16g of protein, macro and micro nutrients, zinc, potassium, and vitamins A, B, and C with only 2g of sugar in every serving. Sleep Gummies: Lack of sleep and stress can cause stunted growth. Melatonin, L-Theanine and Lemon Balm help manage the stress hormone cortisol and the body’s response to stress with continued use They also help improve sleep quality. Growth Gummies: Calcium & vitamin D work together to increase bone density – calcium helps build and maintain bones, while vitamin D helps the body effectively absorb calcium. Blend of natural herbs assists the pituitary gland in secreting natural hormones. Ashwagandha helps manage the stress hormone cortisol and the body’s response to stress with continued use. Typical results in 3-6 months. How to take Our Height Growth Supplement Protein Shake: Take two scoops with 12-16 fl oz. of water and mix it all up! Growth Gummies: Take 2 gummies with the last meal of the day. Chew thoroughly before swallowing. Sleep Gummies: Take 2 gummies before bed. Chew thoroughly before swallowing. Who can take These Capsules To Get Tall People between the ages of 5+ who want to grow taller! What's Inside Calcium, Vitamin K, Vitamin D, Ashwagandha,L-Taurine, Protein, Inositol, Zinc, Melatonin, L-Theatine, Lemon Balm Full View Ingredients and Nutrition Facts""";200
Max Height Kit - 6 Pack;No type present;"Product Title:""Max Height Kit - 6 Pack"". Product Price: ""$539.33"". Product Description: ""The all-in-one, Science-backed growth kit to help you grow tall and healthy. What it does To Help You Grow Taller Protein Shake: Complete and balanced daily nutrition. Helps with healthy weight gain and the release of hormones related to growth. Growth Gummies: Contains ingredients proven to support growth plate to elongate and strengthening bones. In addition helps reduce stress which is the leading cause of stunted growth. Sleep Gummies: Hormones released during deep sleep are the most important for growth. Our sleep gummies promote optimal sleep. How it works To Increase Height Protein Shake: Our delicious Chocolate and Vanilla flavors contain a proprietary blend of clinically proven ingredients. The perfect balance of vitamins and minerals includes 16g of protein, macro and micro nutrients, zinc, potassium, and vitamins A, B, and C with only 2g of sugar in every serving. Sleep Gummies: Lack of sleep and stress can cause stunted growth. Melatonin, L-Theanine and Lemon Balm help manage the stress hormone cortisol and the body’s response to stress with continued use They also help improve sleep quality. Growth Gummies: Calcium & vitamin D work together to increase bone density – calcium helps build and maintain bones, while vitamin D helps the body effectively absorb calcium. Blend of natural herbs assists the pituitary gland in secreting natural hormones. Ashwagandha helps manage the stress hormone cortisol and the body’s response to stress with continued use. Typical results in 3-6 months. How to take Our Height Growth Supplement Protein Shake: Take two scoops with 12-16 fl oz. of water and mix it all up! Growth Gummies: Take 2 gummies with the last meal of the day. Chew thoroughly before swallowing. Sleep Gummies: Take 2 gummies before bed. Chew thoroughly before swallowing. Who can take These Capsules To Get Tall People between the ages of 5+ who want to grow taller! What's Inside Calcium, Vitamin K, Vitamin D, Ashwagandha,L-Taurine, Protein, Inositol, Zinc, Melatonin, L-Theatine, Lemon Balm.""";200
"TruHeight Growth Protein Shake | 1 Pack";No type present;"Product Title:""TruHeight Growth Protein Shake | 1 Pack"". Product Price: ""$49.95"". Product Description: ""Fills nutritional gaps in weight deficiencies and supports natural height growth A proprietary formula of protein, amino acids, vitamins, and minerals that work together to help you grow and gain. What it does To Help You Grow Taller Boosts growth for full height potential. Builds strength and weight. Complete & balanced nutrition. How it works To Increase Height Our delicious Chocolate and Vanilla flavors contain a proprietary blend of clinically proven ingredients. The perfect balance of vitamins and minerals includes 16g of protein, macro and micro nutrients, zinc, potassium, and vitamins A, B, and C with only 2g of sugar in every serving. How to take Our Height Growth Supplement Directions: Add 12-14 ounces of water or milk and ice to a blender (or shaker bottle) Add 2 heaping scoops (47g) of Growth Protein Shake Mix well and enjoy. Most of our customers drink Truheight Growth Protein Shake every day as a convenient and delicious way to support their health and height goals. Many choose to start their day strong with it as a breakfast option, while others prefer to have it for lunch or post-workout to aid with recovery by building strength and weight with its high-quality protein blend. Timing of consumption can be customized to personal needs and goals for optimal nutrition. Who can take These Capsules To Get Tall People between the ages of 5+ who want to grow taller! What's Inside Our Height Growth Pills L-Taurine, Protein, Inositol, Zinc.""";200
"TruHeight Growth Protein Shake | 3 Pack";No type present;"Product Title:""TruHeight Growth Protein Shake | 3 Pack"". Product Price: ""$127.38"". Product Description: ""Fills nutritional gaps in weight deficiencies and supports natural height growth A proprietary formula of protein, amino acids, vitamins, and minerals that work together to help you grow and gain. What it does To Help You Grow Taller Boosts growth for full height potential. Builds strength and weight. Complete & balanced nutrition. How it works To Increase Height Our delicious Chocolate and Vanilla flavors contain a proprietary blend of clinically proven ingredients. The perfect balance of vitamins and minerals includes 16g of protein, macro and micro nutrients, zinc, potassium, and vitamins A, B, and C with only 2g of sugar in every serving. How to take Our Height Growth Supplement Directions: Add 12-14 ounces of water or milk and ice to a blender (or shaker bottle) Add 2 heaping scoops (47g) of Growth Protein Shake Mix well and enjoy. Most of our customers drink Truheight Growth Protein Shake every day as a convenient and delicious way to support their health and height goals. Many choose to start their day strong with it as a breakfast option, while others prefer to have it for lunch or post-workout to aid with recovery by building strength and weight with its high-quality protein blend. Timing of consumption can be customized to personal needs and goals for optimal nutrition. Who can take These Capsules To Get Tall People between the ages of 5+ who want to grow taller! What's Inside Our Height Growth Pills L-Taurine, Protein, Inositol, Zinc.""";200
"TruHeight Growth Protein Shake | 6 Pack";No type present;"Product Title:""TruHeight Growth Protein Shake | 6 Pack"". Product Price: ""$239.76"". Product Description: ""Fills nutritional gaps in weight deficiencies and supports natural height growth A proprietary formula of protein, amino acids, vitamins, and minerals that work together to help you grow and gain. What it does To Help You Grow Taller Boosts growth for full height potential. Builds strength and weight. Complete & balanced nutrition. How it works To Increase Height Our delicious Chocolate and Vanilla flavors contain a proprietary blend of clinically proven ingredients. The perfect balance of vitamins and minerals includes 16g of protein, macro and micro nutrients, zinc, potassium, and vitamins A, B, and C with only 2g of sugar in every serving. How to take Our Height Growth Supplement Directions: Add 12-14 ounces of water or milk and ice to a blender (or shaker bottle) Add 2 heaping scoops (47g) of Growth Protein Shake Mix well and enjoy. Most of our customers drink Truheight Growth Protein Shake every day as a convenient and delicious way to support their health and height goals. Many choose to start their day strong with it as a breakfast option, while others prefer to have it for lunch or post-workout to aid with recovery by building strength and weight with its high-quality protein blend. Timing of consumption can be customized to personal needs and goals for optimal nutrition. Who can take These Capsules To Get Tall People between the ages of 5+ who want to grow taller! What's Inside Our Height Growth Pills L-Taurine, Protein, Inositol, Zinc.""";200
"TruHeight Sleep | 1 Pack";Vitamins & Supplements;"Product Title:""TruHeight Sleep | 1 Pack"". Product Price: ""$29.95"". Product Description: ""A proprietary formula of protein, amino acids, vitamins, and minerals that work together to help you grow and gain. Why Sleep is Crucial for Growth Height Growth is an intricate process that requires several hormones to stimulate various biological events in the bones, organs, muscles, and blood. A protein hormone is a key player in these events. Growth hormone is released throughout the day, but the most important factor for release is deep sleep. What it does To Help You Grow Taller Promotes optimal sleep Helps reduce the time it takes to fall asleep Unlock natural growth hormone with deep sleep How it works To Increase Height Lack of sleep and stress can cause stunted growth. Melatonin, L-Theanine and Lemon Balm help manage the stress hormone cortisol and the body’s response to stress with continued use. Ashwagandha also helps improve sleep quality How to take Our Height Growth Supplement Take 2 gummies before bed. Chew thoroughly before swallowing. WHO CAN TAKE People between the ages of 5+ What's Inside Our Height Growth Pills Melatonin, L-Theanine, Lemon Balm.""";200
"TruHeight Sleep | 3 Pack";Vitamins & Supplements;"Product Title:""TruHeight Sleep | 3 Pack"". Product Price: ""$76.37"". Product Description: ""A proprietary formula of protein, amino acids, vitamins, and minerals that work together to help you grow and gain. Why Sleep is Crucial for Growth Height Growth is an intricate process that requires several hormones to stimulate various biological events in the bones, organs, muscles, and blood. A protein hormone is a key player in these events. Growth hormone is released throughout the day, but the most important factor for release is deep sleep. What it does To Help You Grow Taller Promotes optimal sleep Helps reduce the time it takes to fall asleep Unlock natural growth hormone with deep sleep How it works To Increase Height Lack of sleep and stress can cause stunted growth. Melatonin, L-Theanine and Lemon Balm help manage the stress hormone cortisol and the body’s response to stress with continued use. Ashwagandha also helps improve sleep quality How to take Our Height Growth Supplement Take 2 gummies before bed. Chew thoroughly before swallowing. WHO CAN TAKE People between the ages of 5+ What's Inside Our Height Growth Pills Melatonin, L-Theanine, Lemon Balm.""";200
"TruHeight Sleep | 6 Pack";Vitamins & Supplements;"Product Title:""TruHeight Sleep | 6 Pack"". Product Price: ""$143.76"". Product Description: ""A proprietary formula of protein, amino acids, vitamins, and minerals that work together to help you grow and gain. Why Sleep is Crucial for Growth Height Growth is an intricate process that requires several hormones to stimulate various biological events in the bones, organs, muscles, and blood. A protein hormone is a key player in these events. Growth hormone is released throughout the day, but the most important factor for release is deep sleep. What it does To Help You Grow Taller Promotes optimal sleep Helps reduce the time it takes to fall asleep Unlock natural growth hormone with deep sleep How it works To Increase Height Lack of sleep and stress can cause stunted growth. Melatonin, L-Theanine and Lemon Balm help manage the stress hormone cortisol and the body’s response to stress with continued use. Ashwagandha also helps improve sleep quality How to take Our Height Growth Supplement Take 2 gummies before bed. Chew thoroughly before swallowing. People between the ages of 5+ What's Inside Our Height Growth Pills Melatonin, L-Theanine, Lemon Balm.""";200
TruHeight Hat;No type present;"Product Title:""TruHeight Hat"". Product Price: ""$15.00"". Product Description: ""Introducing the TruHeight Growth Cap - the perfect hat to inspire your growth journey and active lifestyle! Whether you're hitting the gym, going for a run, or enjoying outdoor adventures, this cap will keep you looking and feeling great. Embrace the power of growth and stay active with the TruHeight Growth Cap.""";200